{"cameraMode":{"drawMode":0,"name":"Shaded","section":"Shading Mode"},"sceneLighting":true,"audioPlay":false,"sceneViewState":{"showFog":true,"showMaterialUpdate":false,"showSkybox":false,"showFlares":true,"showImageEffects":true,"showParticleSystems":true},"in2DMode":false,"pivot":{"x":0.1767510175704956,"y":1.3508830070495606,"z":-0.00004011392593383789},"rotation":{"x":0.019000401720404626,"y":-0.9630799889564514,"z":-0.2590898275375366,"w":-0.0706276223063469},"size":1.702372431755066,"orthographic":false}