{"cameraMode":{"drawMode":0,"name":"Shaded","section":"Shading Mode"},"sceneLighting":true,"audioPlay":false,"sceneViewState":{"showFog":true,"showMaterialUpdate":false,"showSkybox":false,"showFlares":true,"showImageEffects":true,"showParticleSystems":true},"in2DMode":false,"pivot":{"x":5.960464477539063e-8,"y":0.3418589234352112,"z":-2.2351741790771486e-8},"rotation":{"x":0.019000401720404626,"y":-0.9630799889564514,"z":-0.2590898275375366,"w":-0.0706276223063469},"size":1.3497174978256226,"orthographic":false}