{"cameraMode":{"drawMode":0,"name":"Shaded","section":"Shading Mode"},"sceneLighting":true,"audioPlay":false,"sceneViewState":{"showFog":true,"showMaterialUpdate":false,"showSkybox":false,"showFlares":true,"showImageEffects":true,"showParticleSystems":true},"in2DMode":false,"pivot":{"x":7.450580596923828e-8,"y":0.3418589234352112,"z":-1.9371509552001954e-7},"rotation":{"x":0.019000401720404626,"y":-0.9630799889564514,"z":-0.2590898275375366,"w":-0.0706276223063469},"size":1.6625795364379883,"orthographic":false}